region,series,year,central
Australia,Sucralose (g/capita/yr),2020,28.5
Australia,Sucralose (g/capita/yr),2021,29.3318
Australia,Sucralose (g/capita/yr),2022,30.1879
Australia,Sucralose (g/capita/yr),2023,31.0689
Australia,Sucralose (g/capita/yr),2024,31.9757
Australia,Sucralose (g/capita/yr),2025,32.909
Australia,Sucralose (g/capita/yr),2026,33.8694
Australia,Sucralose (g/capita/yr),2027,34.858
Australia,Sucralose (g/capita/yr),2028,35.8753
Australia,Sucralose (g/capita/yr),2029,36.9224
Australia,Sucralose (g/capita/yr),2030,38.0
Australia,Sucralose (g/capita/yr),2031,44.4906
Australia,Sucralose (g/capita/yr),2032,52.0898
Australia,Sucralose (g/capita/yr),2033,60.987
Australia,Sucralose (g/capita/yr),2034,71.4039
Australia,Sucralose (g/capita/yr),2035,83.6
Australia,Sucralose (g/capita/yr),2036,100.414
Australia,Sucralose (g/capita/yr),2037,120.6097
Australia,Sucralose (g/capita/yr),2038,144.8673
Australia,Sucralose (g/capita/yr),2039,174.0036
Australia,Sucralose (g/capita/yr),2040,209.0
Australia,Aspartame (g/capita/yr),2020,32.775
Australia,Aspartame (g/capita/yr),2021,33.7316
Australia,Aspartame (g/capita/yr),2022,34.7161
Australia,Aspartame (g/capita/yr),2023,35.7293
Australia,Aspartame (g/capita/yr),2024,36.7721
Australia,Aspartame (g/capita/yr),2025,37.8453
Australia,Aspartame (g/capita/yr),2026,38.9499
Australia,Aspartame (g/capita/yr),2027,40.0867
Australia,Aspartame (g/capita/yr),2028,41.2566
Australia,Aspartame (g/capita/yr),2029,42.4607
Australia,Aspartame (g/capita/yr),2030,43.7
Australia,Aspartame (g/capita/yr),2031,51.1642
Australia,Aspartame (g/capita/yr),2032,59.9033
Australia,Aspartame (g/capita/yr),2033,70.135
Australia,Aspartame (g/capita/yr),2034,82.1144
Australia,Aspartame (g/capita/yr),2035,96.14
Australia,Aspartame (g/capita/yr),2036,115.4761
Australia,Aspartame (g/capita/yr),2037,138.7012
Australia,Aspartame (g/capita/yr),2038,166.5974
Australia,Aspartame (g/capita/yr),2039,200.1042
Australia,Aspartame (g/capita/yr),2040,240.35
Australia,Sugar (kg/capita/yr),2020,33.1
Australia,Sugar (kg/capita/yr),2021,33.01
Australia,Sugar (kg/capita/yr),2022,35.93
Australia,Sugar (kg/capita/yr),2023,33.38
Australia,Sugar (kg/capita/yr),2024,33.4199
Australia,Sugar (kg/capita/yr),2025,33.4598
Australia,Sugar (kg/capita/yr),2026,33.4997
Australia,Sugar (kg/capita/yr),2027,33.5397
Australia,Sugar (kg/capita/yr),2028,33.5798
Australia,Sugar (kg/capita/yr),2029,33.6199
Australia,Sugar (kg/capita/yr),2030,33.66
Australia,Sugar (kg/capita/yr),2031,29.8667
Australia,Sugar (kg/capita/yr),2032,26.5008
Australia,Sugar (kg/capita/yr),2033,23.5143
Australia,Sugar (kg/capita/yr),2034,20.8643
Australia,Sugar (kg/capita/yr),2035,18.513
Australia,Sugar (kg/capita/yr),2036,14.2765
Australia,Sugar (kg/capita/yr),2037,11.0095
Australia,Sugar (kg/capita/yr),2038,8.4901
Australia,Sugar (kg/capita/yr),2039,6.5473
Australia,Sugar (kg/capita/yr),2040,5.049
Canada,Sucralose (g/capita/yr),2020,28.5
Canada,Sucralose (g/capita/yr),2021,29.3318
Canada,Sucralose (g/capita/yr),2022,30.1879
Canada,Sucralose (g/capita/yr),2023,31.0689
Canada,Sucralose (g/capita/yr),2024,31.9757
Canada,Sucralose (g/capita/yr),2025,32.909
Canada,Sucralose (g/capita/yr),2026,33.8694
Canada,Sucralose (g/capita/yr),2027,34.858
Canada,Sucralose (g/capita/yr),2028,35.8753
Canada,Sucralose (g/capita/yr),2029,36.9224
Canada,Sucralose (g/capita/yr),2030,38.0
Canada,Sucralose (g/capita/yr),2031,44.9657
Canada,Sucralose (g/capita/yr),2032,53.2082
Canada,Sucralose (g/capita/yr),2033,62.9617
Canada,Sucralose (g/capita/yr),2034,74.503
Canada,Sucralose (g/capita/yr),2035,88.16
Canada,Sucralose (g/capita/yr),2036,106.4333
Canada,Sucralose (g/capita/yr),2037,128.4941
Canada,Sucralose (g/capita/yr),2038,155.1276
Canada,Sucralose (g/capita/yr),2039,187.2815
Canada,Sucralose (g/capita/yr),2040,226.1
Canada,Aspartame (g/capita/yr),2020,32.775
Canada,Aspartame (g/capita/yr),2021,33.7316
Canada,Aspartame (g/capita/yr),2022,34.7161
Canada,Aspartame (g/capita/yr),2023,35.7293
Canada,Aspartame (g/capita/yr),2024,36.7721
Canada,Aspartame (g/capita/yr),2025,37.8453
Canada,Aspartame (g/capita/yr),2026,38.9499
Canada,Aspartame (g/capita/yr),2027,40.0867
Canada,Aspartame (g/capita/yr),2028,41.2566
Canada,Aspartame (g/capita/yr),2029,42.4607
Canada,Aspartame (g/capita/yr),2030,43.7
Canada,Aspartame (g/capita/yr),2031,51.7105
Canada,Aspartame (g/capita/yr),2032,61.1895
Canada,Aspartame (g/capita/yr),2033,72.4059
Canada,Aspartame (g/capita/yr),2034,85.6785
Canada,Aspartame (g/capita/yr),2035,101.384
Canada,Aspartame (g/capita/yr),2036,122.3983
Canada,Aspartame (g/capita/yr),2037,147.7682
Canada,Aspartame (g/capita/yr),2038,178.3967
Canada,Aspartame (g/capita/yr),2039,215.3737
Canada,Aspartame (g/capita/yr),2040,260.015
Canada,Sugar (kg/capita/yr),2020,36.77
Canada,Sugar (kg/capita/yr),2021,35.64
Canada,Sugar (kg/capita/yr),2022,35.65
Canada,Sugar (kg/capita/yr),2023,37.08
Canada,Sugar (kg/capita/yr),2024,36.9722
Canada,Sugar (kg/capita/yr),2025,36.8647
Canada,Sugar (kg/capita/yr),2026,36.7576
Canada,Sugar (kg/capita/yr),2027,36.6507
Canada,Sugar (kg/capita/yr),2028,36.5442
Canada,Sugar (kg/capita/yr),2029,36.4379
Canada,Sugar (kg/capita/yr),2030,36.332
Canada,Sugar (kg/capita/yr),2031,32.2375
Canada,Sugar (kg/capita/yr),2032,28.6045
Canada,Sugar (kg/capita/yr),2033,25.3809
Canada,Sugar (kg/capita/yr),2034,22.5206
Canada,Sugar (kg/capita/yr),2035,19.9826
Canada,Sugar (kg/capita/yr),2036,15.4098
Canada,Sugar (kg/capita/yr),2037,11.8835
Canada,Sugar (kg/capita/yr),2038,9.1641
Canada,Sugar (kg/capita/yr),2039,7.067
Canada,Sugar (kg/capita/yr),2040,5.4498
USA,Sucralose (g/capita/yr),2020,28.5
USA,Sucralose (g/capita/yr),2021,29.3318
USA,Sucralose (g/capita/yr),2022,30.1879
USA,Sucralose (g/capita/yr),2023,31.0689
USA,Sucralose (g/capita/yr),2024,31.9757
USA,Sucralose (g/capita/yr),2025,32.909
USA,Sucralose (g/capita/yr),2026,33.8694
USA,Sucralose (g/capita/yr),2027,34.858
USA,Sucralose (g/capita/yr),2028,35.8753
USA,Sucralose (g/capita/yr),2029,36.9224
USA,Sucralose (g/capita/yr),2030,38.0
USA,Sucralose (g/capita/yr),2031,47.4633
USA,Sucralose (g/capita/yr),2032,59.2834
USA,Sucralose (g/capita/yr),2033,74.047
USA,Sucralose (g/capita/yr),2034,92.4874
USA,Sucralose (g/capita/yr),2035,115.52
USA,Sucralose (g/capita/yr),2036,142.392
USA,Sucralose (g/capita/yr),2037,175.515
USA,Sucralose (g/capita/yr),2038,216.3429
USA,Sucralose (g/capita/yr),2039,266.6682
USA,Sucralose (g/capita/yr),2040,328.7
USA,Aspartame (g/capita/yr),2020,32.775
USA,Aspartame (g/capita/yr),2021,33.7316
USA,Aspartame (g/capita/yr),2022,34.7161
USA,Aspartame (g/capita/yr),2023,35.7293
USA,Aspartame (g/capita/yr),2024,36.7721
USA,Aspartame (g/capita/yr),2025,37.8453
USA,Aspartame (g/capita/yr),2026,38.9499
USA,Aspartame (g/capita/yr),2027,40.0867
USA,Aspartame (g/capita/yr),2028,41.2566
USA,Aspartame (g/capita/yr),2029,42.4607
USA,Aspartame (g/capita/yr),2030,43.7
USA,Aspartame (g/capita/yr),2031,54.5828
USA,Aspartame (g/capita/yr),2032,68.1759
USA,Aspartame (g/capita/yr),2033,85.1541
USA,Aspartame (g/capita/yr),2034,106.3605
USA,Aspartame (g/capita/yr),2035,132.848
USA,Aspartame (g/capita/yr),2036,163.7508
USA,Aspartame (g/capita/yr),2037,201.8422
USA,Aspartame (g/capita/yr),2038,248.7944
USA,Aspartame (g/capita/yr),2039,306.6684
USA,Aspartame (g/capita/yr),2040,378.005
USA,Sugar (kg/capita/yr),2020,32.44
USA,Sugar (kg/capita/yr),2021,33.29
USA,Sugar (kg/capita/yr),2022,33.53
USA,Sugar (kg/capita/yr),2023,33.31
USA,Sugar (kg/capita/yr),2024,33.2673
USA,Sugar (kg/capita/yr),2025,33.2246
USA,Sugar (kg/capita/yr),2026,33.182
USA,Sugar (kg/capita/yr),2027,33.1394
USA,Sugar (kg/capita/yr),2028,33.0969
USA,Sugar (kg/capita/yr),2029,33.0544
USA,Sugar (kg/capita/yr),2030,33.012
USA,Sugar (kg/capita/yr),2031,29.2917
USA,Sugar (kg/capita/yr),2032,25.9906
USA,Sugar (kg/capita/yr),2033,23.0616
USA,Sugar (kg/capita/yr),2034,20.4627
USA,Sugar (kg/capita/yr),2035,18.1566
USA,Sugar (kg/capita/yr),2036,14.0017
USA,Sugar (kg/capita/yr),2037,10.7976
USA,Sugar (kg/capita/yr),2038,8.3267
USA,Sugar (kg/capita/yr),2039,6.4212
USA,Sugar (kg/capita/yr),2040,4.9518
EU,Sucralose (g/capita/yr),2020,28.5
EU,Sucralose (g/capita/yr),2021,29.3318
EU,Sucralose (g/capita/yr),2022,30.1879
EU,Sucralose (g/capita/yr),2023,31.0689
EU,Sucralose (g/capita/yr),2024,31.9757
EU,Sucralose (g/capita/yr),2025,32.909
EU,Sucralose (g/capita/yr),2026,33.8694
EU,Sucralose (g/capita/yr),2027,34.858
EU,Sucralose (g/capita/yr),2028,35.8753
EU,Sucralose (g/capita/yr),2029,36.9224
EU,Sucralose (g/capita/yr),2030,38.0
EU,Sucralose (g/capita/yr),2031,43.9943
EU,Sucralose (g/capita/yr),2032,50.9341
EU,Sucralose (g/capita/yr),2033,58.9687
EU,Sucralose (g/capita/yr),2034,68.2707
EU,Sucralose (g/capita/yr),2035,79.04
EU,Sucralose (g/capita/yr),2036,94.3827
EU,Sucralose (g/capita/yr),2037,112.7037
EU,Sucralose (g/capita/yr),2038,134.581
EU,Sucralose (g/capita/yr),2039,160.705
EU,Sucralose (g/capita/yr),2040,191.9
EU,Aspartame (g/capita/yr),2020,32.775
EU,Aspartame (g/capita/yr),2021,33.7316
EU,Aspartame (g/capita/yr),2022,34.7161
EU,Aspartame (g/capita/yr),2023,35.7293
EU,Aspartame (g/capita/yr),2024,36.7721
EU,Aspartame (g/capita/yr),2025,37.8453
EU,Aspartame (g/capita/yr),2026,38.9499
EU,Aspartame (g/capita/yr),2027,40.0867
EU,Aspartame (g/capita/yr),2028,41.2566
EU,Aspartame (g/capita/yr),2029,42.4607
EU,Aspartame (g/capita/yr),2030,43.7
EU,Aspartame (g/capita/yr),2031,50.5934
EU,Aspartame (g/capita/yr),2032,58.5743
EU,Aspartame (g/capita/yr),2033,67.814
EU,Aspartame (g/capita/yr),2034,78.5113
EU,Aspartame (g/capita/yr),2035,90.896
EU,Aspartame (g/capita/yr),2036,108.5401
EU,Aspartame (g/capita/yr),2037,129.6092
EU,Aspartame (g/capita/yr),2038,154.7682
EU,Aspartame (g/capita/yr),2039,184.8107
EU,Aspartame (g/capita/yr),2040,220.685
EU,Sugar (kg/capita/yr),2020,29.897
EU,Sugar (kg/capita/yr),2021,29.4444
EU,Sugar (kg/capita/yr),2022,30.41
EU,Sugar (kg/capita/yr),2023,30.6511
EU,Sugar (kg/capita/yr),2024,30.5815
EU,Sugar (kg/capita/yr),2025,30.5121
EU,Sugar (kg/capita/yr),2026,30.4428
EU,Sugar (kg/capita/yr),2027,30.3737
EU,Sugar (kg/capita/yr),2028,30.3047
EU,Sugar (kg/capita/yr),2029,30.2359
EU,Sugar (kg/capita/yr),2030,30.1673
EU,Sugar (kg/capita/yr),2031,26.7675
EU,Sugar (kg/capita/yr),2032,23.7509
EU,Sugar (kg/capita/yr),2033,21.0743
EU,Sugar (kg/capita/yr),2034,18.6993
EU,Sugar (kg/capita/yr),2035,16.592
EU,Sugar (kg/capita/yr),2036,12.7951
EU,Sugar (kg/capita/yr),2037,9.8671
EU,Sugar (kg/capita/yr),2038,7.6091
EU,Sugar (kg/capita/yr),2039,5.8679
EU,Sugar (kg/capita/yr),2040,4.5251
China,Sucralose (g/capita/yr),2020,28.5
China,Sucralose (g/capita/yr),2021,29.3318
China,Sucralose (g/capita/yr),2022,30.1879
China,Sucralose (g/capita/yr),2023,31.0689
China,Sucralose (g/capita/yr),2024,31.9757
China,Sucralose (g/capita/yr),2025,32.909
China,Sucralose (g/capita/yr),2026,33.8694
China,Sucralose (g/capita/yr),2027,34.858
China,Sucralose (g/capita/yr),2028,35.8753
China,Sucralose (g/capita/yr),2029,36.9224
China,Sucralose (g/capita/yr),2030,38.0
China,Sucralose (g/capita/yr),2031,43.7375
China,Sucralose (g/capita/yr),2032,50.3413
China,Sucralose (g/capita/yr),2033,57.9421
China,Sucralose (g/capita/yr),2034,66.6906
China,Sucralose (g/capita/yr),2035,76.76
China,Sucralose (g/capita/yr),2036,91.3617
China,Sucralose (g/capita/yr),2037,108.741
China,Sucralose (g/capita/yr),2038,129.4263
China,Sucralose (g/capita/yr),2039,154.0465
China,Sucralose (g/capita/yr),2040,183.35
China,Aspartame (g/capita/yr),2020,32.775
China,Aspartame (g/capita/yr),2021,33.7316
China,Aspartame (g/capita/yr),2022,34.7161
China,Aspartame (g/capita/yr),2023,35.7293
China,Aspartame (g/capita/yr),2024,36.7721
China,Aspartame (g/capita/yr),2025,37.8453
China,Aspartame (g/capita/yr),2026,38.9499
China,Aspartame (g/capita/yr),2027,40.0867
China,Aspartame (g/capita/yr),2028,41.2566
China,Aspartame (g/capita/yr),2029,42.4607
China,Aspartame (g/capita/yr),2030,43.7
China,Aspartame (g/capita/yr),2031,50.2981
China,Aspartame (g/capita/yr),2032,57.8925
China,Aspartame (g/capita/yr),2033,66.6334
China,Aspartame (g/capita/yr),2034,76.6942
China,Aspartame (g/capita/yr),2035,88.274
China,Aspartame (g/capita/yr),2036,105.066
China,Aspartame (g/capita/yr),2037,125.0522
China,Aspartame (g/capita/yr),2038,148.8402
China,Aspartame (g/capita/yr),2039,177.1534
China,Aspartame (g/capita/yr),2040,210.8525
China,Sugar (kg/capita/yr),2020,5.55
China,Sugar (kg/capita/yr),2021,6.59
China,Sugar (kg/capita/yr),2022,7.13
China,Sugar (kg/capita/yr),2023,6.52
China,Sugar (kg/capita/yr),2024,6.5294
China,Sugar (kg/capita/yr),2025,6.5388
China,Sugar (kg/capita/yr),2026,6.5482
China,Sugar (kg/capita/yr),2027,6.5576
China,Sugar (kg/capita/yr),2028,6.5671
China,Sugar (kg/capita/yr),2029,6.5765
China,Sugar (kg/capita/yr),2030,6.586
China,Sugar (kg/capita/yr),2031,5.8438
China,Sugar (kg/capita/yr),2032,5.1852
China,Sugar (kg/capita/yr),2033,4.6009
China,Sugar (kg/capita/yr),2034,4.0824
China,Sugar (kg/capita/yr),2035,3.6223
China,Sugar (kg/capita/yr),2036,2.7934
China,Sugar (kg/capita/yr),2037,2.1541
China,Sugar (kg/capita/yr),2038,1.6612
China,Sugar (kg/capita/yr),2039,1.2811
China,Sugar (kg/capita/yr),2040,0.9879
Korea,Sucralose (g/capita/yr),2020,28.5
Korea,Sucralose (g/capita/yr),2021,29.3318
Korea,Sucralose (g/capita/yr),2022,30.1879
Korea,Sucralose (g/capita/yr),2023,31.0689
Korea,Sucralose (g/capita/yr),2024,31.9757
Korea,Sucralose (g/capita/yr),2025,32.909
Korea,Sucralose (g/capita/yr),2026,33.8694
Korea,Sucralose (g/capita/yr),2027,34.858
Korea,Sucralose (g/capita/yr),2028,35.8753
Korea,Sucralose (g/capita/yr),2029,36.9224
Korea,Sucralose (g/capita/yr),2030,38.0
Korea,Sucralose (g/capita/yr),2031,45.1959
Korea,Sucralose (g/capita/yr),2032,53.7544
Korea,Sucralose (g/capita/yr),2033,63.9337
Korea,Sucralose (g/capita/yr),2034,76.0405
Korea,Sucralose (g/capita/yr),2035,90.44
Korea,Sucralose (g/capita/yr),2036,109.4391
Korea,Sucralose (g/capita/yr),2037,132.4294
Korea,Sucralose (g/capita/yr),2038,160.2495
Korea,Sucralose (g/capita/yr),2039,193.9137
Korea,Sucralose (g/capita/yr),2040,234.65
Korea,Aspartame (g/capita/yr),2020,32.775
Korea,Aspartame (g/capita/yr),2021,33.7316
Korea,Aspartame (g/capita/yr),2022,34.7161
Korea,Aspartame (g/capita/yr),2023,35.7293
Korea,Aspartame (g/capita/yr),2024,36.7721
Korea,Aspartame (g/capita/yr),2025,37.8453
Korea,Aspartame (g/capita/yr),2026,38.9499
Korea,Aspartame (g/capita/yr),2027,40.0867
Korea,Aspartame (g/capita/yr),2028,41.2566
Korea,Aspartame (g/capita/yr),2029,42.4607
Korea,Aspartame (g/capita/yr),2030,43.7
Korea,Aspartame (g/capita/yr),2031,51.9753
Korea,Aspartame (g/capita/yr),2032,61.8176
Korea,Aspartame (g/capita/yr),2033,73.5237
Korea,Aspartame (g/capita/yr),2034,87.4466
Korea,Aspartame (g/capita/yr),2035,104.006
Korea,Aspartame (g/capita/yr),2036,125.855
Korea,Aspartame (g/capita/yr),2037,152.2939
Korea,Aspartame (g/capita/yr),2038,184.2869
Korea,Aspartame (g/capita/yr),2039,223.0008
Korea,Aspartame (g/capita/yr),2040,269.8475
Korea,Sugar (kg/capita/yr),2020,27.48
Korea,Sugar (kg/capita/yr),2021,27.9
Korea,Sugar (kg/capita/yr),2022,28.79
Korea,Sugar (kg/capita/yr),2023,27.43
Korea,Sugar (kg/capita/yr),2024,27.5116
Korea,Sugar (kg/capita/yr),2025,27.5934
Korea,Sugar (kg/capita/yr),2026,27.6754
Korea,Sugar (kg/capita/yr),2027,27.7577
Korea,Sugar (kg/capita/yr),2028,27.8402
Korea,Sugar (kg/capita/yr),2029,27.923
Korea,Sugar (kg/capita/yr),2030,28.006
Korea,Sugar (kg/capita/yr),2031,24.8498
Korea,Sugar (kg/capita/yr),2032,22.0494
Korea,Sugar (kg/capita/yr),2033,19.5645
Korea,Sugar (kg/capita/yr),2034,17.3597
Korea,Sugar (kg/capita/yr),2035,15.4033
Korea,Sugar (kg/capita/yr),2036,11.8784
Korea,Sugar (kg/capita/yr),2037,9.1602
Korea,Sugar (kg/capita/yr),2038,7.064
Korea,Sugar (kg/capita/yr),2039,5.4475
Korea,Sugar (kg/capita/yr),2040,4.2009
