Area,y2030,y2035,y2040,y2045
Afghanistan,12.370000000000001,10.5145,4.948,0.9896000000000001
Albania,19.137999999999998,16.2673,7.6552,1.53104
Algeria,28.064,23.8544,11.2256,2.24512
Angola,9.962,8.467699999999999,3.9848,0.79696
Antigua and Barbuda,20.084,17.0714,8.0336,1.60672
Argentina,36.166,30.741099999999996,14.4664,2.89328
Armenia,25.35,21.5475,10.14,2.028
Australia,33.660000000000004,18.513000000000005,5.049,1.0098
Austria,33.25,28.2625,13.3,2.66
Azerbaijan,22.534,19.1539,9.0136,1.8027199999999999
Bahamas,24.244,20.6074,9.697600000000001,1.9395200000000001
Bahrain,43.654,37.105900000000005,17.4616,3.4923200000000003
Bangladesh,6.101999999999999,5.186699999999999,2.4408,0.48816
Barbados,47.63,40.4855,19.052000000000003,3.8104000000000005
Belarus,29.803999999999995,25.333399999999994,11.921599999999998,2.3843199999999998
Belgium,47.846,40.66909999999999,19.1384,3.82768
Belize,35.03,29.7755,14.012,2.8024
Bhutan,12.830000000000002,10.905500000000002,5.1320000000000014,1.0264000000000002
Bolivia (Plurinational State of),19.628,16.683799999999998,7.8512,1.57024
Bosnia and Herzegovina,22.602,19.2117,9.0408,1.80816
Botswana,22.806,19.3851,9.1224,1.82448
Brazil,35.54,47.979,19.547,3.5540000000000003
Bulgaria,27.782,23.6147,11.1128,2.22256
Burkina Faso,5.586,4.7481,2.2344000000000004,0.44688000000000005
Cabo Verde,16.462,13.9927,6.5848,1.31696
Cambodia,7.140000000000001,6.069,2.8560000000000003,0.5712
Cameroon,11.174,9.4979,4.4696,0.8939199999999999
Canada,36.332,19.9826,5.4498,1.08996
Chile,40.398,34.338300000000004,16.159200000000002,3.2318400000000005
"China, Hong Kong SAR",22.858,19.4293,9.1432,1.82864
"China, Macao SAR",15.713999999999999,13.356899999999998,6.2856,1.25712
"China, Taiwan Province of",25.736,21.8756,10.294400000000001,2.0588800000000003
"China, mainland",6.586,3.6223000000000005,0.9879,0.19758
Colombia,30.883999999999997,41.6934,16.9862,3.0884
Comoros,13.334,11.3339,5.333600000000001,1.06672
Congo,11.786,10.018099999999999,4.7144,0.9428799999999999
Costa Rica,43.468,36.9478,17.387200000000004,3.4774400000000005
Croatia,31.772000000000002,27.0062,12.708800000000002,2.54176
Cuba,46.96,63.39600000000001,25.828000000000003,4.696000000000001
Cyprus,17.178,14.6013,6.871200000000001,1.3742400000000001
Czechia,31.189999999999998,26.511499999999998,12.475999999999999,2.4952
Côte d'Ivoire,10.112,8.5952,4.0448,0.80896
Democratic Republic of the Congo,2.962,2.5177,1.1848,0.23696000000000003
Denmark,39.754000000000005,33.7909,15.901600000000002,3.1803200000000005
Djibouti,34.756,29.5426,13.9024,2.7804800000000003
Dominican Republic,38.891999999999996,33.05819999999999,15.556799999999999,3.11136
Ecuador,20.85,17.7225,8.340000000000002,1.6680000000000001
Egypt,22.657999999999998,19.259299999999996,9.0632,1.8126399999999998
El Salvador,31.360000000000003,26.656000000000002,12.544000000000002,2.5088000000000004
Estonia,20.39,17.3315,8.156,1.6312
Eswatini,22.672,19.2712,9.068800000000001,1.81376
Ethiopia,7.74,6.579,3.096,0.6192000000000001
Fiji,29.198,24.8183,11.679200000000002,2.33584
Finland,30.101999999999997,25.586699999999997,12.040799999999999,2.4081599999999996
France,33.784000000000006,18.581200000000006,5.0676000000000005,1.0135200000000002
French Polynesia,22.46,19.091,8.984,1.7968000000000002
Gabon,16.074,13.6629,6.429600000000001,1.2859200000000002
Gambia,47.064,40.0044,18.8256,3.76512
Georgia,38.238,32.5023,15.295200000000001,3.05904
Germany,35.465999999999994,19.5063,5.319899999999999,1.0639799999999997
Ghana,12.092,10.2782,4.8368,0.9673600000000001
Greece,29.919999999999998,25.432,11.968,2.3935999999999997
Grenada,30.669999999999998,26.069499999999998,12.268,2.4536
Guatemala,49.083999999999996,66.2634,26.9962,4.9084
Guinea,16.868000000000002,14.337800000000001,6.747200000000001,1.3494400000000002
Guinea-Bissau,2.7520000000000002,2.3392,1.1008000000000002,0.22016000000000002
Guyana,27.119999999999997,23.051999999999996,10.847999999999999,2.1696
Haiti,21.412,18.2002,8.5648,1.71296
Honduras,34.836,29.610599999999998,13.9344,2.78688
Hungary,29.386000000000003,24.9781,11.754400000000002,2.35088
Iceland,26.362000000000002,22.407700000000002,10.544800000000002,2.10896
India,18.009999999999998,24.313499999999998,9.9055,1.801
Indonesia,25.7,34.695,14.135000000000002,2.5700000000000003
Iran (Islamic Republic of),27.444,23.327399999999997,10.9776,2.19552
Iraq,22.32,18.972,8.928,1.7856
Ireland,31.060000000000002,26.401,12.424000000000001,2.4848000000000003
Israel,33.739999999999995,28.678999999999995,13.495999999999999,2.6992
Italy,33.124,28.1554,13.249600000000001,2.6499200000000003
Jamaica,41.004,34.8534,16.4016,3.2803199999999997
Jordan,32.318,27.470299999999998,12.9272,2.5854399999999997
Kazakhstan,26.814,22.7919,10.7256,2.14512
Kenya,20.548000000000002,17.4658,8.2192,1.6438400000000002
Kiribati,41.194,35.014900000000004,16.477600000000002,3.2955200000000002
Kuwait,27.601999999999997,23.461699999999997,11.040799999999999,2.20816
Kyrgyzstan,14.407999999999998,12.246799999999999,5.763199999999999,1.1526399999999999
Lao People's Democratic Republic,10.426,8.8621,4.1704,0.83408
Latvia,28.357999999999997,24.1043,11.3432,2.26864
Lebanon,37.692,32.038199999999996,15.0768,3.0153600000000003
Lesotho,8.51,7.233499999999999,3.404,0.6808
Liberia,6.132,5.212199999999999,2.4528,0.49056
Libya,29.580000000000002,25.143,11.832,2.3664
Lithuania,28.714,24.406899999999997,11.4856,2.29712
Luxembourg,11.222,9.538699999999999,4.4888,0.89776
Madagascar,8.036,6.8306,3.2144,0.64288
Malawi,8.266,7.0261,3.3064,0.66128
Malaysia,40.992000000000004,34.8432,16.396800000000002,3.2793600000000005
Maldives,23.642000000000003,20.0957,9.456800000000001,1.8913600000000004
Malta,39.43,33.515499999999996,15.772,3.1544
Marshall Islands,14.544,12.362400000000001,5.8176000000000005,1.16352
Mauritania,39.378,33.4713,15.7512,3.15024
Mauritius,30.939999999999998,26.298999999999996,12.376,2.4752
Mexico,34.65,46.7775,19.0575,3.465
Micronesia (Federated States of),21.492,18.2682,8.5968,1.71936
Mongolia,9.068000000000001,7.707800000000001,3.6272000000000006,0.7254400000000001
Montenegro,19.728,16.768800000000002,7.891200000000001,1.57824
Morocco,33.5,28.474999999999998,13.4,2.68
Mozambique,8.436,7.170599999999999,3.3744,0.67488
Myanmar,3.626,3.0820999999999996,1.4504000000000001,0.29008
Namibia,25.308,21.5118,10.1232,2.02464
Naoero,39.044,33.1874,15.6176,3.1235199999999996
Nepal,7.458,6.3393,2.9832,0.5966400000000001
Netherlands (Kingdom of the),37.476,31.854599999999998,14.990400000000001,2.99808
New Caledonia,24.375999999999998,20.719599999999996,9.750399999999999,1.9500799999999998
New Zealand,41.86,35.580999999999996,16.744,3.3488
Nicaragua,35.989999999999995,30.591499999999996,14.395999999999999,2.8791999999999995
Niger,5.668,4.8178,2.2672000000000003,0.45344
Nigeria,8.138,6.9173,3.2552000000000003,0.65104
North Macedonia,39.964,33.9694,15.9856,3.19712
Norway,27.144,23.0724,10.8576,2.17152
Oman,23.568,20.0328,9.427200000000001,1.8854400000000002
Pakistan,25.142,33.941700000000004,13.828100000000001,2.5142
Panama,24.497999999999998,20.823299999999996,9.799199999999999,1.9598399999999998
Papua New Guinea,10.024000000000001,8.5204,4.009600000000001,0.8019200000000001
Paraguay,16.119999999999997,13.701999999999998,6.4479999999999995,1.2895999999999999
Peru,18.857999999999997,16.029299999999996,7.543199999999999,1.5086399999999998
Philippines,22.422,30.269700000000004,12.3321,2.2422
Poland,46.574,39.5879,18.6296,3.72592
Portugal,20.369999999999997,17.3145,8.148,1.6296
Qatar,23.476,19.9546,9.3904,1.87808
Republic of Korea,28.006,15.403300000000002,4.2009,0.8401799999999999
Republic of Moldova,33.482,28.459699999999998,13.392800000000001,2.67856
Romania,26.601999999999997,22.611699999999995,10.640799999999999,2.12816
Russian Federation,34.944,29.7024,13.977600000000002,2.7955200000000002
Rwanda,12.422,10.5587,4.968800000000001,0.9937600000000001
Saint Kitts and Nevis,39.012,33.160199999999996,15.604800000000001,3.12096
Saint Lucia,31.815999999999995,27.043599999999994,12.726399999999998,2.5452799999999995
Saint Vincent and the Grenadines,28.924,24.5854,11.569600000000001,2.31392
Samoa,32.128,27.308799999999998,12.8512,2.57024
Sao Tome and Principe,15.945999999999998,13.554099999999998,6.378399999999999,1.27568
Saudi Arabia,34.062,28.952699999999997,13.6248,2.72496
Senegal,16.5,14.025,6.6000000000000005,1.32
Serbia,13.75,11.6875,5.5,1.1
Seychelles,26.198,22.2683,10.4792,2.09584
Sierra Leone,6.552,5.5691999999999995,2.6208,0.52416
Slovakia,19.372,16.4662,7.7488,1.54976
Slovenia,22.16,18.836,8.864,1.7728000000000002
Solomon Islands,12.741999999999999,10.830699999999998,5.0968,1.01936
South Africa,27.058,22.999299999999998,10.8232,2.16464
Spain,29.982,25.4847,11.9928,2.39856
Sri Lanka,31.332,26.6322,12.532800000000002,2.50656
Suriname,37.891999999999996,32.2082,15.156799999999999,3.03136
Sweden,32.251999999999995,27.414199999999994,12.900799999999998,2.58016
Switzerland,34.33,29.1805,13.732,2.7464
Syrian Arab Republic,11.978,10.1813,4.7912,0.95824
Tajikistan,17.134,14.5639,6.8536,1.3707200000000002
Thailand,40.318,54.4293,22.1749,4.0318
Timor-Leste,11.214,9.5319,4.485600000000001,0.89712
Tonga,15.998000000000001,13.5983,6.3992,1.27984
Trinidad and Tobago,36.30800000000001,30.861800000000006,14.523200000000003,2.9046400000000006
Tunisia,31.151999999999997,26.4792,12.460799999999999,2.4921599999999997
Turkmenistan,16.541999999999998,14.060699999999997,6.6168,1.3233599999999999
Tuvalu,48.908,41.5718,19.563200000000002,3.91264
Türkiye,27.453999999999997,23.335899999999995,10.9816,2.1963199999999996
Uganda,11.996,10.1966,4.7984,0.9596800000000001
Ukraine,32.596,27.706599999999995,13.0384,2.6076799999999998
United Arab Emirates,21.084,17.9214,8.4336,1.68672
United Kingdom of Great Britain and Northern Ireland,27.438,15.090900000000001,4.1156999999999995,0.82314
United Republic of Tanzania,10.062000000000001,8.552700000000002,4.024800000000001,0.8049600000000001
United States of America,33.012,18.1566,4.9517999999999995,0.99036
Uruguay,37.396,31.7866,14.958400000000001,2.99168
Uzbekistan,19.306,16.4101,7.7224,1.54448
Vanuatu,13.575999999999999,11.539599999999998,5.4304,1.08608
Venezuela (Bolivarian Republic of),29.344,24.9424,11.7376,2.3475200000000003
Viet Nam,23.753999999999998,20.1909,9.5016,1.9003199999999998
Yemen,23.830000000000002,20.2555,9.532000000000002,1.9064
Zambia,11.044,9.3874,4.4176,0.8835200000000001
Zimbabwe,15.606,13.2651,6.2424,1.24848
